{
  "id": "reports",
  "name": "Advanced Reporting Module",
  "version": "1.0.0",
  "description": "Comprehensive reporting and document generation system",
  "schema": {
    "tables": {
      "report_templates": {
        "fields": {
          "id": {
            "type": "uuid",
            "primary": true,
            "auto": true
          },
          "name": {
            "type": "string",
            "required": true,
            "label": "Template Name"
          },
          "description": {
            "type": "text",
            "label": "Description"
          },
          "template_type": {
            "type": "select",
            "required": true,
            "label": "Template Type",
            "options": ["pdf", "excel", "word", "html", "csv"],
            "default": "pdf"
          },
          "data_sources": {
            "type": "json",
            "required": true,
            "label": "Data Sources"
          },
          "template_content": {
            "type": "text",
            "required": true,
            "label": "Template Content"
          },
          "parameters": {
            "type": "json",
            "label": "Template Parameters"
          },
          "formatting": {
            "type": "json",
            "label": "Formatting Options"
          },
          "access_level": {
            "type": "select",
            "required": true,
            "label": "Access Level",
            "options": ["public", "restricted", "private"],
            "default": "restricted"
          },
          "category": {
            "type": "select",
            "label": "Category",
            "options": ["testing", "quality", "compliance", "management", "technical"],
            "default": "testing"
          },
          "version": {
            "type": "string",
            "required": true,
            "label": "Version",
            "default": "1.0"
          },
          "created_by": {
            "type": "string",
            "required": true,
            "label": "Created By"
          },
          "is_active": {
            "type": "boolean",
            "required": true,
            "label": "Active",
            "default": true
          },
          "created_at": {
            "type": "datetime",
            "auto": true
          },
          "updated_at": {
            "type": "datetime",
            "auto": true
          }
        },
        "indexes": [
          ["name"],
          ["template_type"],
          ["category"],
          ["created_by"],
          ["is_active"]
        ]
      },
      "generated_reports": {
        "fields": {
          "id": {
            "type": "uuid",
            "primary": true,
            "auto": true
          },
          "template_id": {
            "type": "string",
            "required": true,
            "label": "Template ID"
          },
          "report_name": {
            "type": "string",
            "required": true,
            "label": "Report Name"
          },
          "file_path": {
            "type": "string",
            "required": true,
            "label": "File Path"
          },
          "file_size": {
            "type": "integer",
            "label": "File Size (bytes)"
          },
          "parameters_used": {
            "type": "json",
            "label": "Parameters Used"
          },
          "data_range": {
            "type": "json",
            "label": "Data Range"
          },
          "generated_by": {
            "type": "string",
            "required": true,
            "label": "Generated By"
          },
          "generation_time": {
            "type": "integer",
            "label": "Generation Time (ms)"
          },
          "status": {
            "type": "select",
            "required": true,
            "label": "Status",
            "options": ["generating", "completed", "failed", "expired"],
            "default": "generating"
          },
          "error_message": {
            "type": "text",
            "label": "Error Message"
          },
          "download_count": {
            "type": "integer",
            "label": "Download Count",
            "default": 0
          },
          "expires_at": {
            "type": "datetime",
            "label": "Expires At"
          },
          "created_at": {
            "type": "datetime",
            "auto": true
          }
        },
        "indexes": [
          ["template_id"],
          ["generated_by"],
          ["status"],
          ["created_at"]
        ]
      }
    },
    "relationships": [
      {
        "from": "generated_reports.template_id",
        "to": "report_templates.id",
        "type": "many-to-one"
      }
    ]
  },
  "components": {
    "template_builder": "/src/modules/reports/components/TemplateBuilder.tsx",
    "report_generator": "/src/modules/reports/components/ReportGenerator.tsx",
    "report_viewer": "/src/modules/reports/components/ReportViewer.tsx",
    "template_manager": "/src/modules/reports/components/TemplateManager.tsx"
  },
  "permissions": [
    "reports.create_template",
    "reports.edit_template",
    "reports.delete_template",
    "reports.generate",
    "reports.view",
    "reports.download",
    "reports.manage"
  ],
  "templates": {
    "cube_test_report": {
      "name": "Cube Test Report",
      "description": "Comprehensive cube testing results report",
      "data_sources": ["cube_tests", "mix_designs"],
      "parameters": ["date_range", "grade", "technician"],
      "sections": ["header", "summary", "detailed_results", "charts", "conclusions"]
    },
    "compliance_report": {
      "name": "Compliance Report",
      "description": "Regulatory compliance and quality assurance report",
      "data_sources": ["test_requests", "cube_tests", "audit_logs"],
      "parameters": ["period", "regulations", "department"],
      "sections": ["compliance_status", "test_results", "deviations", "corrective_actions"]
    },
    "monthly_summary": {
      "name": "Monthly Summary Report",
      "description": "Monthly laboratory operations summary",
      "data_sources": ["memos", "test_requests", "cube_tests", "user_profiles"],
      "parameters": ["month", "year", "department"],
      "sections": ["executive_summary", "key_metrics", "test_analysis", "resource_utilization"]
    }
  },
  "export_formats": {
    "pdf": {
      "name": "PDF Document",
      "mime_type": "application/pdf",
      "supports": ["charts", "tables", "images", "formatting"]
    },
    "excel": {
      "name": "Excel Spreadsheet",
      "mime_type": "application/vnd.openxmlformats-officedocument.spreadsheetml.sheet",
      "supports": ["tables", "charts", "calculations", "multiple_sheets"]
    },
    "word": {
      "name": "Word Document",
      "mime_type": "application/vnd.openxmlformats-officedocument.wordprocessingml.document",
      "supports": ["formatted_text", "tables", "images", "headers_footers"]
    },
    "csv": {
      "name": "CSV File",
      "mime_type": "text/csv",
      "supports": ["tables", "raw_data"]
    }
  },
  "validation_rules": [
    {
      "field": "name",
      "rule": "required",
      "message": "Template name is required"
    },
    {
      "field": "template_content",
      "rule": "required",
      "message": "Template content is required"
    },
    {
      "field": "version",
      "rule": "pattern",
      "config": { "pattern": "^\\d+\\.\\d+$" },
      "message": "Version must be in format X.Y"
    }
  ],
  "scheduled_reports": {
    "enabled": true,
    "schedules": [
      {
        "id": "daily_summary",
        "name": "Daily Summary",
        "template_id": "daily_operations",
        "frequency": "daily",
        "time": "08:00",
        "recipients": ["lab_manager", "quality_head"]
      },
      {
        "id": "weekly_compliance",
        "name": "Weekly Compliance",
        "template_id": "compliance_report",
        "frequency": "weekly",
        "day": "friday",
        "time": "17:00",
        "recipients": ["compliance_officer"]
      }
    ]
  },
  "enabled": true,
  "category": "reporting",
  "author": "Lab System",
  "license": "MIT"
}