{
  "id": "dashboard",
  "name": "Analytics Dashboard Module",
  "version": "1.0.0",
  "description": "Real-time analytics and reporting dashboard for laboratory operations",
  "schema": {
    "tables": {
      "dashboard_widgets": {
        "fields": {
          "id": {
            "type": "uuid",
            "primary": true,
            "auto": true
          },
          "widget_type": {
            "type": "select",
            "required": true,
            "label": "Widget Type",
            "options": ["chart", "metric", "table", "calendar", "progress"],
            "default": "metric"
          },
          "title": {
            "type": "string",
            "required": true,
            "label": "Widget Title"
          },
          "data_source": {
            "type": "select",
            "required": true,
            "label": "Data Source",
            "options": ["memos", "test_requests", "cube_tests", "mix_designs", "user_profiles"],
            "default": "memos"
          },
          "query_config": {
            "type": "json",
            "label": "Query Configuration"
          },
          "chart_config": {
            "type": "json",
            "label": "Chart Configuration"
          },
          "position_x": {
            "type": "integer",
            "required": true,
            "label": "Position X",
            "default": 0
          },
          "position_y": {
            "type": "integer",
            "required": true,
            "label": "Position Y",
            "default": 0
          },
          "width": {
            "type": "integer",
            "required": true,
            "label": "Width",
            "default": 4
          },
          "height": {
            "type": "integer",
            "required": true,
            "label": "Height",
            "default": 3
          },
          "refresh_interval": {
            "type": "integer",
            "label": "Refresh Interval (seconds)",
            "default": 300
          },
          "user_id": {
            "type": "string",
            "required": true,
            "label": "User ID"
          },
          "dashboard_id": {
            "type": "string",
            "required": true,
            "label": "Dashboard ID",
            "default": "default"
          },
          "is_visible": {
            "type": "boolean",
            "required": true,
            "label": "Visible",
            "default": true
          },
          "created_at": {
            "type": "datetime",
            "auto": true
          },
          "updated_at": {
            "type": "datetime",
            "auto": true
          }
        },
        "indexes": [
          ["user_id"],
          ["dashboard_id"],
          ["widget_type"],
          ["data_source"]
        ]
      },
      "dashboard_configs": {
        "fields": {
          "id": {
            "type": "uuid",
            "primary": true,
            "auto": true
          },
          "name": {
            "type": "string",
            "required": true,
            "label": "Dashboard Name"
          },
          "description": {
            "type": "text",
            "label": "Description"
          },
          "layout_config": {
            "type": "json",
            "label": "Layout Configuration"
          },
          "theme": {
            "type": "select",
            "label": "Theme",
            "options": ["light", "dark", "auto"],
            "default": "auto"
          },
          "is_default": {
            "type": "boolean",
            "label": "Default Dashboard",
            "default": false
          },
          "user_id": {
            "type": "string",
            "required": true,
            "label": "Owner"
          },
          "shared_with": {
            "type": "json",
            "label": "Shared With"
          },
          "created_at": {
            "type": "datetime",
            "auto": true
          },
          "updated_at": {
            "type": "datetime",
            "auto": true
          }
        },
        "indexes": [
          ["user_id"],
          ["name"],
          ["is_default"]
        ]
      }
    },
    "relationships": [
      {
        "from": "dashboard_widgets.dashboard_id",
        "to": "dashboard_configs.id",
        "type": "many-to-one"
      }
    ]
  },
  "components": {
    "dashboard": "/src/modules/dashboard/components/Dashboard.tsx",
    "widget_editor": "/src/modules/dashboard/components/WidgetEditor.tsx",
    "chart_builder": "/src/modules/dashboard/components/ChartBuilder.tsx",
    "data_explorer": "/src/modules/dashboard/components/DataExplorer.tsx"
  },
  "permissions": [
    "dashboard.create",
    "dashboard.read",
    "dashboard.update",
    "dashboard.delete",
    "dashboard.share",
    "dashboard.export"
  ],
  "widgets": {
    "metric": {
      "name": "Metric Widget",
      "description": "Display key performance indicators",
      "config_fields": ["metric", "aggregation", "format", "threshold"]
    },
    "chart": {
      "name": "Chart Widget",
      "description": "Various chart types for data visualization",
      "config_fields": ["chart_type", "x_axis", "y_axis", "group_by", "aggregation"]
    },
    "table": {
      "name": "Table Widget",
      "description": "Tabular data display with sorting and filtering",
      "config_fields": ["columns", "filters", "sort_by", "page_size"]
    },
    "calendar": {
      "name": "Calendar Widget",
      "description": "Calendar view for date-based data",
      "config_fields": ["date_field", "title_field", "color_field"]
    },
    "progress": {
      "name": "Progress Widget",
      "description": "Progress bars and gauges",
      "config_fields": ["value_field", "target_value", "format", "color_scheme"]
    }
  },
  "analytics": {
    "metrics": [
      {
        "id": "total_tests",
        "name": "Total Tests",
        "query": "SELECT COUNT(*) FROM cube_tests",
        "format": "number"
      },
      {
        "id": "avg_strength",
        "name": "Average Strength",
        "query": "SELECT AVG(strength_mpa) FROM cube_tests WHERE status = 'completed'",
        "format": "decimal"
      },
      {
        "id": "pending_requests",
        "name": "Pending Requests",
        "query": "SELECT COUNT(*) FROM test_requests WHERE status = 'pending'",
        "format": "number"
      }
    ],
    "charts": [
      {
        "id": "strength_trend",
        "name": "Strength Trend",
        "type": "line",
        "query": "SELECT test_date, AVG(strength_mpa) as avg_strength FROM cube_tests GROUP BY test_date ORDER BY test_date"
      },
      {
        "id": "test_distribution",
        "name": "Test Type Distribution",
        "type": "pie",
        "query": "SELECT type, COUNT(*) as count FROM test_requests GROUP BY type"
      }
    ]
  },
  "validation_rules": [
    {
      "field": "position_x",
      "rule": "range",
      "config": { "min": 0, "max": 12 },
      "message": "Position X must be between 0 and 12"
    },
    {
      "field": "width",
      "rule": "range",
      "config": { "min": 1, "max": 12 },
      "message": "Width must be between 1 and 12"
    }
  ],
  "reports": [
    {
      "id": "dashboard_usage",
      "name": "Dashboard Usage Report",
      "template": "usage_analytics",
      "fields": ["user_id", "dashboard_id", "widget_count", "last_accessed"]
    }
  ],
  "enabled": true,
  "category": "analytics",
  "author": "Lab System",
  "license": "MIT"
}